Kiosk ID,Kiosk Name,Region,Status,Latitude,Longitude
3000,Virtual Station,Unknown,Active,0.0,0.0
3005,7th & Flower,DTLA,Active,34.0485,-118.258537
3006,Olive & 8th,DTLA,Active,34.04554,-118.256668
3007,5th & Grand,DTLA,Active,34.05048,-118.254593
3008,Figueroa & 9th,DTLA,Active,34.046612,-118.262733
3010,11th & Maple,DTLA,Active,34.037048,-118.254868
3011,Figueroa & Pico,DTLA,Active,34.041119,-118.26796
3013,Anaheim & Avalon,Port of LA,Inactive,33.779819,-118.263023
3014,Union Station West Portal,DTLA,Active,34.05661,-118.237213
3016,Los Angeles & Temple,DTLA,Active,34.052898,-118.241562
3018,Grand & Olympic,DTLA,Active,34.043732,-118.260139
3019,12th & Hill,DTLA,Active,34.038609,-118.260857
3020,Hill & Washington,DTLA,Active,34.031052,-118.26709
3021,3rd & Rose,DTLA,Inactive,34.045609,-118.23703
3022,3rd & Santa Fe,DTLA,Active,34.04607,-118.233093
3023,1st & Judge John Aiso,DTLA,Inactive,34.050911,-118.240967
3024,Hope & 1st,DTLA,Active,34.05772,-118.24897
3025,Grand & Washington,DTLA,Active,34.03286,-118.268082
3026,Figueroa & Cesar Chavez,DTLA,Active,34.063179,-118.24588
3027,Spring & 3rd,DTLA,Active,34.04998,-118.247162
3028,Grand & Temple,DTLA,Inactive,34.058319,-118.246094
3029,Main & 4th,DTLA,Inactive,34.048851,-118.246422
3030,Main & 1st,DTLA,Active,34.051941,-118.24353
3031,7th & Spring,DTLA,Inactive,34.044701,-118.252441
3032,Hope & 6th,DTLA,Active,34.049889,-118.255882
3033,Main & 9th,DTLA,Active,34.040989,-118.255798
3034,Hope & 11th,DTLA,Active,34.042061,-118.263382
3035,Figueroa & 8th,DTLA,Active,34.048401,-118.260948
3036,Willow St & Mateo St,DTLA,Active,34.039188,-118.232529
3037,Imperial & 7th,DTLA,Active,34.034801,-118.231277
3038,Main & 5th,DTLA,Inactive,34.046822,-118.248352
3040,Wilshire & Witmer,DTLA,Active,34.05357,-118.266357
3042,1st & Central,DTLA,Active,34.049301,-118.238808
3045,18th & San Pedro,DTLA,Active,34.028511,-118.256668
3046,2nd & Hill,DTLA,Active,34.052872,-118.24749
3047,Pico & Flower,DTLA,Active,34.039982,-118.266403
3048,5th & Hewitt,DTLA,Active,34.041691,-118.235352
3049,2nd & Figueroa,DTLA,Active,34.056969,-118.253593
3051,7th & Broadway,DTLA,Inactive,34.045422,-118.253517
3052,7th & Bixel,DTLA,Active,34.051102,-118.264557
3054,Factory Place & Alameda,DTLA,Active,34.039219,-118.236488
3055,7th & Main,DTLA,Inactive,34.044159,-118.251579
3056,Grand & 14th,DTLA,Active,34.03746,-118.265381
3057,18th & Figueroa,DTLA,Inactive,34.035679,-118.270813
3058,Industrial St & Mateo St,DTLA,Active,34.035801,-118.23317
3059,11th & Santee,DTLA,Inactive,34.037949,-118.256271
3060,Pico & Maple,DTLA,Inactive,34.034882,-118.25769
3062,3rd & San Pedro,DTLA,Active,34.047749,-118.243172
3063,Pershing Square,DTLA,Active,34.048038,-118.253738
3064,Grand & 8th,DTLA,Active,34.046131,-118.257591
3065,New High & Ord,DTLA,Active,34.060558,-118.238327
3066,Spring & College,DTLA,Active,34.063389,-118.23616
3067,Main & 6th,DTLA,Inactive,34.045181,-118.250237
3068,Grand & 3rd,DTLA,Active,34.0532,-118.250954
3069,Broadway & 3rd,DTLA,Active,34.05088,-118.248253
3074,Hope & Olympic,DTLA,Active,34.04417,-118.261169
3075,Broadway & 9th,DTLA,Active,34.04211,-118.256187
3076,9th & Los Angeles,DTLA,Active,34.0406,-118.253838
3077,8th & Wall,DTLA,Active,34.039871,-118.250038
3078,Hill & College,DTLA,Active,34.064281,-118.238937
3079,Temple & Vignes,DTLA,Active,34.05014,-118.233192
3080,San Julian & 12th,DTLA,Inactive,34.03421,-118.254593
3081,Stanford & 12th,DTLA,Active,34.031891,-118.250183
3082,Traction & Rose,DTLA,Active,34.04652,-118.237411
4125,Banning's Landing,Port of LA,Inactive,33.766659,-118.261017
4126,Cabrillo Beach,Port of LA,Inactive,33.710979,-118.284668
4127,Catalina Express,Port of LA,Inactive,33.74892,-118.275192
4129,Crafted 22nd St Park,Port of LA,Inactive,33.725819,-118.28051
4130,DoubleTree Hotel,Port of LA,Inactive,33.719261,-118.282722
4131,Downtown Harbor,Port of LA,Inactive,33.738979,-118.279266
4132,Fanfare Fountain,Port of LA,Inactive,33.74913,-118.280182
4133,Ports O'Call,Port of LA,Inactive,33.733521,-118.277786
4134,USS IOWA,Port of LA,Inactive,33.74136,-118.278069
4135,Waterfront Park (East),Port of LA,Inactive,33.772301,-118.268044
4136,Waterfront Park (West),Port of LA,Inactive,33.771759,-118.276543
4138,Old Pasadena,Pasadena,Inactive,34.145691,-118.148239
4142,Pasadena Convention Center,Pasadena,Inactive,34.144588,-118.144592
4144,Cordova & Lake,Pasadena,Inactive,34.142399,-118.132652
4146,City Hall West,Pasadena,Inactive,34.147831,-118.145042
4147,Fair Oaks & Mercantile Alley,Pasadena,Inactive,34.145248,-118.15007
4148,Pasadena Central Library,Pasadena,Inactive,34.14967,-118.145111
4149,Arroyo Parkway & Bellevue,Pasadena,Inactive,34.13821,-118.147079
4150,Villa Parke,Pasadena,Inactive,34.15427,-118.142151
4151,Los Robles & Cordova,Pasadena,Inactive,34.142361,-118.14151
4152,Pasadena Museum,Pasadena,Inactive,34.149712,-118.160172
4153,Rose Bowl,Pasadena,Inactive,34.156181,-118.166687
4154,Fair Oaks & Peoria,Pasadena,Inactive,34.15612,-118.151192
4155,Lake & Union,Pasadena,Inactive,34.147812,-118.132217
4156,Madison & Walnut,Pasadena,Inactive,34.14991,-118.13839
4157,Lake & Del Mar,Pasadena,Inactive,34.140999,-118.132088
4158,Lake & California,Pasadena,Inactive,34.13525,-118.13237
4159,Pasadena City College,Pasadena,Inactive,34.145901,-118.116539
4160,Fillmore Station,Pasadena,Inactive,34.133011,-118.14856
4162,Memorial Park Station,Pasadena,Inactive,34.147499,-118.14801
4163,Lake & Locust,Pasadena,Inactive,34.150471,-118.132019
4165,Del Mar Station,Pasadena,Inactive,34.14175,-118.149063
4166,Colorado & Hill,Pasadena,Inactive,34.145908,-118.12175
4167,Pasadena & Dayton,Pasadena,Inactive,34.143822,-118.154099
4169,Oakland & Union,Pasadena,Inactive,34.146961,-118.139839
4170,Lake & Merrett,Pasadena,Inactive,34.160709,-118.132401
4174,Fair Oaks & Hammond,Pasadena,Inactive,34.165291,-118.15097
4176,Caltech East,Pasadena,Inactive,34.137859,-118.122414
4177,Madison & Colorado,Pasadena,Inactive,34.144981,-118.13826
4180,Caltech West,Pasadena,Inactive,34.137951,-118.128502
4181,Oak Knoll & Colorado,Pasadena,Inactive,34.146221,-118.135262
4183,Catalina & Colorado,Pasadena,Inactive,34.146069,-118.129181
4194,Union Station East,DTLA,Inactive,34.056702,-118.231392
4202,Abbot Kinney & Cadiz,Westside,Active,33.991161,-118.468292
4204,Washington & Abbot Kinney,Westside,Active,33.988419,-118.45163
4205,Venice & Lincoln,Westside,Active,33.993771,-118.453667
4206,California & Lincoln,Westside,Active,33.998341,-118.461014
4207,Rose & 7th,Westside,Active,34.000881,-118.46891
4208,Rose & Rennie,Westside,Active,33.99868,-118.472977
4209,Rose & Main,Westside,Active,33.996239,-118.477448
4210,Ocean Front Walk & North Venice,Westside,Active,33.984341,-118.47155
4211,Pacific & North Venice,Westside,Active,33.984928,-118.469963
4212,Windward & Main,Westside,Active,33.988129,-118.471741
4213,7th & Westminster,Westside,Active,33.995369,-118.464798
4214,Ocean Front Walk & Navy,Westside,Active,33.99556,-118.481552
4215,Downtown Santa Monica E Line Station,Westside,Active,34.014309,-118.491341
4216,17th St / SMC E Line Station,Westside,Active,34.023392,-118.479637
4217,Broadway & 11th,DTLA,Active,34.04031,-118.25827
4220,Park & Echo Park,DTLA,Active,34.074829,-118.258728
4227,Grand / LATTC,DTLA,Active,34.0298,-118.270309
4245,University & Hoover,DTLA,Active,34.02404,-118.283409
4246,32nd & Figueroa,DTLA,Active,34.023708,-118.279167
4247,25th & Vermont,DTLA,Active,34.033642,-118.291313
4248,29th & Ellendale,DTLA,Active,34.028351,-118.288673
4249,Figueroa & McCarthy Way,DTLA,Active,34.020302,-118.281181
4250,Severance & Adams,DTLA,Active,34.03017,-118.280952
4254,Hoover & 29th,DTLA,Active,34.028679,-118.284111
4255,Seabluff & Runway,Westside,Active,33.97366,-118.422859
4266,28th & Figueroa,DTLA,Active,34.026291,-118.277687
4267,28th & University,DTLA,Active,34.027618,-118.280678
4273,Hoover & 32nd,DTLA,Active,34.02586,-118.284103
4275,Expo Park/LAFC,DTLA,Active,34.01252,-118.285896
4276,Mariachi Plaza,DTLA,Inactive,34.04739,-118.218849
4285,Metro Bike Share Free Bikes,Free Bikes,Inactive,0.0,0.0
4286,Metro Bike Share Out of Service Area Smart Bike,Free Bikes,Inactive,0.0,0.0
4293,Westlake & 3rd,DTLA,Active,34.062279,-118.271523
4300,Union & Olympic,DTLA,Active,34.04887,-118.2743
4301,Maubert & Vermont,DTLA,Active,34.099049,-118.291496
4302,Vermont Pl & Vermont,DTLA,Active,34.092491,-118.291443
4303,Sunset & Virgil,DTLA,Active,34.098011,-118.287071
4304,Shatto Pl & Wilshire,DTLA,Active,34.06258,-118.290092
4306,8th & Vermont,DTLA,Active,34.057652,-118.292183
4311,7th & Berendo,DTLA,Active,34.059689,-118.294662
4312,4th & Vermont,DTLA,Active,34.06699,-118.290878
4313,Westlake/Macarthur Park Station,DTLA,Active,34.056808,-118.275002
4314,7th & Park View,DTLA,Active,34.057709,-118.279762
4315,Union & 7th,DTLA,Active,34.054031,-118.27092
4321,Expo & Bundy,Westside,Inactive,34.031399,-118.453629
4322,Venice & Inglewood,Westside,Inactive,34.005871,-118.429161
4323,Venice & Beethoven,Westside,Inactive,33.99958,-118.44136
4324,Palms & Motor,Westside,Inactive,34.02655,-118.408463
4325,Venice & Clarington,Westside,Inactive,34.022518,-118.400589
4328,Sepulveda & Palms,Westside,Inactive,34.020061,-118.422684
4329,Palms & National,Westside,Inactive,34.029121,-118.403168
4330,Bagley & Venice,Westside,Inactive,34.025688,-118.395302
4331,Venice & Colonial,Westside,Inactive,34.00351,-118.43438
4332,National & Motor,Westside,Inactive,34.02948,-118.410469
4333,Venice & Walgrove,Westside,Inactive,33.997231,-118.445969
4334,Venice & Motor,Westside,Inactive,34.02018,-118.40403
4335,Venice & Hughes,Westside,Inactive,34.023392,-118.399223
4336,Barrington & National,Westside,Inactive,34.022449,-118.438332
4337,Inglewood & Braddock,Westside,Inactive,33.993019,-118.414909
4338,Sepulveda & Venice,Westside,Inactive,34.01376,-118.417801
4339,Westwood & National,Westside,Inactive,34.03038,-118.420921
4340,17th St / SMC Expo Line Station,Westside,Inactive,34.02338,-118.479637
4341,7th & Westminster,Westside,Inactive,33.9953,-118.464844
4342,Abbot Kinney & Cadiz,Westside,Inactive,33.991161,-118.468292
4343,California & Lincoln,Westside,Inactive,33.998322,-118.460983
4344,Downtown Santa Monica Expo Line Station,Westside,Inactive,34.014309,-118.491341
4345,Ocean Front Walk & Navy,Westside,Inactive,33.995579,-118.481422
4346,Ocean Front Walk & North Venice,Westside,Inactive,33.984341,-118.47155
4347,Pacific & North Venice,Westside,Inactive,33.984928,-118.469963
4348,Rose & 7th,Westside,Inactive,34.000881,-118.46891
4349,Rose & Main,Westside,Inactive,33.996239,-118.477448
4350,Rose & Rennie,Westside,Inactive,33.9986,-118.472977
4351,Venice & Lincoln,Westside,Inactive,33.993729,-118.45356
4352,Washington & Abbot Kinney,Westside,Inactive,33.988419,-118.45163
4353,Windward & Main,Westside,Inactive,33.988129,-118.471741
4354,Venice & Glendon,Westside,Inactive,34.017681,-118.409081
4356,CicLAvia Downtown Culver City Hub,Westside,Inactive,34.027771,-118.38726
4357,CicLAvia Palms Hub,Westside,Inactive,34.02866,-118.410294
4369,Pop-up Station at CicLAvia Culver City Hub,Westside,Inactive,34.02457,-118.394081
4372,Public Bike Rack: Culver City Expo Line,Westside,Inactive,34.027882,-118.388901
4373,Public Bike Rack: Westwood/Rancho Park Expo Line North,Westside,Inactive,34.161709,-118.372849
4374,Public Bike Rack: Westwood/Rancho Park Expo Line South,Westside,Inactive,34.168751,-118.36187
4378,Palms & Kelton,Westside,Inactive,34.022331,-118.415771
4379,Sepulveda & Charnock,Westside,Inactive,34.017368,-118.420601
4380,Centinela & Lucile,Westside,Inactive,33.982922,-118.410927
4381,Sepulveda & Lucerne,Westside,Inactive,34.00021,-118.402222
4382,Westwood & National,Westside,Inactive,34.030472,-118.420982
4383,McLaughlin & Venice,Westside,Inactive,34.009022,-118.425011
4384,Inglewood & Ballona,Westside,Inactive,33.990318,-118.412048
4385,Public Bike Rack: Westwood/Rancho Park Expo Line,Westside,Inactive,34.036678,-118.425339
4387,Row DTLA,DTLA,Active,34.03352,-118.241837
4389,Expo/Sepulveda Expo Line Station,Westside,Inactive,34.035351,-118.434143
4390,Kenmore & 3rd,DTLA,Active,34.069271,-118.296593
4393,Durango & Venice,Westside,Inactive,34.026829,-118.393517
4394,Westlawn & Beatrice,Westside,Inactive,33.980789,-118.414902
4395,Del Rey Day Pop-up,Westside,Inactive,33.984821,-118.431129
4396,Sepulveda & National,Westside,Inactive,34.02697,-118.428207
4397,Mar Vista Rec Center,Westside,Inactive,34.01688,-118.428452
4400,Newton & Central,DTLA,Inactive,34.027828,-118.247139
4401,Vermont & Beverly,DTLA,Active,34.075611,-118.291862
4402,Pop Hollywood Ciclavia Walk of Fame Hub,DTLA,Inactive,34.101509,-118.33979
4403,Ciclavia Watts Hub,DTLA,Inactive,33.943359,-118.248238
4404,Albany & Olympic,DTLA,Active,34.04813,-118.271027
4405,Berendo & Olympic,DTLA,Active,34.051899,-118.293678
4406,Normandie & Hollywood,DTLA,Active,34.101891,-118.300613
4407,Pop Hollywood Ciclavia Barnsdall Art Park Hub,DTLA,Inactive,34.101871,-118.29377
4408,Venice & Sawtelle,Westside,Inactive,34.011799,-118.419441
4409,Maxella & Del Ray,Westside,Inactive,33.986511,-118.441917
4410,Kenmore & 6th,DTLA,Active,34.063351,-118.296799
4413,Lankershim & Vineland,North Hollywood,Inactive,34.158321,-118.370811
4414,Chandler & Colfax,North Hollywood,Inactive,34.16835,-118.387497
4415,Chandler & Laurel Canyon,North Hollywood,Inactive,34.168331,-118.396156
4416,Riverside & Colfax,North Hollywood,Inactive,34.157581,-118.38826
4417,Magnolia & Cartwright,North Hollywood,Inactive,34.164951,-118.363632
4418,Lankershim & Moorpark,North Hollywood,Inactive,34.150688,-118.366127
4419,Magnolia & Clybourn,North Hollywood,Inactive,34.165218,-118.355148
4420,North Hollywood Station,North Hollywood,Inactive,34.168629,-118.377068
4422,Riverside & Cahuenga,North Hollywood,Inactive,34.152142,-118.361954
4425,Mariota & Riverside,North Hollywood,Inactive,34.152,-118.350601
4426,Tujunga & Moorpark,North Hollywood,Inactive,34.149872,-118.378891
4427,Vineland & Otsego,North Hollywood,Inactive,34.162861,-118.370201
4428,Lankershim & Hesby,North Hollywood,Inactive,34.161709,-118.372818
4429,Chandler & Cahuenga,North Hollywood,Inactive,34.168751,-118.36187
4430,Vineland & Burbank,North Hollywood,Inactive,34.172451,-118.370369
4431,Lankershim & Califa,North Hollywood,Inactive,34.17765,-118.382309
4432,Public Bike Rack: Universal City/Studio City Red Line Station,North Hollywood,Inactive,34.139568,-118.362251
4435,Centre & 6th,Port of LA,Inactive,33.738991,-118.28363
4436,Vermont & Franklin,DTLA,Active,34.105782,-118.291939
4437,Franklin & Hillhurst,DTLA,Active,34.105358,-118.28727
4438,Hoover & Fountain,DTLA,Inactive,34.094929,-118.284561
4439,Santa Monica & Virgil,DTLA,Active,34.090969,-118.286247
4440,Wilshire & Alexandria,DTLA,Active,34.061661,-118.298241
4441,University & 30th,DTLA,Active,34.026619,-118.281807
4442,Normandie & Sunset,DTLA,Active,34.098,-118.300468
4443,Figueroa & Jefferson,DTLA,Active,34.022091,-118.279793
4444,Wilshire & Hobart,DTLA,Active,34.061619,-118.305573
4445,Sunset & Douglas,DTLA,Active,34.073639,-118.251572
4446,James M. Wood & Alvarado,DTLA,Active,34.05323,-118.278419
4447,Rampart & Wilshire,DTLA,Active,34.0616,-118.28199
4448,23rd St & Flower,DTLA,Active,34.03027,-118.273193
4449,12th & Valencia,DTLA,Active,34.04557,-118.274193
4450,Virgil & 6th,DTLA,Active,34.063492,-118.287163
4451,Melbourne & Vermont,DTLA,Active,34.10363,-118.291313
4452,Hillhurst & Kingswell,DTLA,Active,34.102329,-118.28746
4453,Lucile & Hoover,DTLA,Active,34.082649,-118.284393
4454,Vermont & Exposition,DTLA,Active,34.017899,-118.291718
4455,Rowena & Hyperion,DTLA,Active,34.10936,-118.271812
4456,Ardmore & Olympic,DTLA,Active,34.052429,-118.302017
4457,Hollywood & Rodney,DTLA,Active,34.100109,-118.289864
4458,Culver & Centinela,Westside,Inactive,33.990971,-118.421127
4459,Culver & McConnell,Westside,Inactive,33.985611,-118.425438
4460,Culver & Inglewood,Westside,Inactive,33.99485,-118.417961
4461,Rose & Overland,Westside,Inactive,34.027649,-118.413559
4462,Overland & Charnock,Westside,Inactive,34.022018,-118.409378
4463,Tujunga & Hatteras,North Hollywood,Inactive,34.175671,-118.378967
4469,Playa Vista Library,Westside,Inactive,33.970242,-118.426071
4470,McConnell & Runway,Westside,Inactive,33.976189,-118.418419
4472,Santa Monica & Sunset,DTLA,Active,34.092602,-118.28093
4473,Vendome & Beverly,DTLA,Active,34.07159,-118.282288
4474,Ambrose & Hillhurst,DTLA,Active,34.110031,-118.287163
4475,San Pedro & Winston,DTLA,Active,34.045181,-118.243248
4476,Sunset & Silver Lake,DTLA,Active,34.08252,-118.27272
4477,Yucca & Argyle,DTLA,Active,34.103851,-118.325462
4478,Tracy & Hyperion,DTLA,Active,34.10424,-118.273697
4479,Ellendale Pl & Adams,DTLA,Active,34.031502,-118.288742
4480,Figueroa Plaza,DTLA,Inactive,34.05896,-118.250587
4482,Wilcox & Fountain,DTLA,Active,34.094372,-118.331009
4483,Glendale & Silver Lake,DTLA,Active,34.1007,-118.259117
4484,Campus Center Drive,Westside,Inactive,33.978821,-118.407562
4486,Vista Hermosa Park,DTLA,Active,34.06126,-118.258598
4487,Broxton & Weyburn,Westside,Active,34.062111,-118.446922
4490,Figueroa & 4th,DTLA,Active,34.053551,-118.255836
4491,Main & Winston,DTLA,Active,34.04744,-118.24794
4492,Westwood/Rancho Park E Line Station,Westside,Active,34.036869,-118.425499
4493,Sunset Triangle Plaza,DTLA,Active,34.090279,-118.277191
4494,Laveta Terrace & Sunset,DTLA,Active,34.075981,-118.256012
4496,Concert Park,Westside,Inactive,33.97298,-118.423943
4497,Riverside & Laurel Canyon,North Hollywood,Inactive,34.15749,-118.39576
4498,Vineland & Oxnard,North Hollywood,Inactive,34.17989,-118.370422
4499,Victory & Colfax,North Hollywood,Inactive,34.186569,-118.388008
4500,Burbank & Cahuenga,North Hollywood,Inactive,34.1721,-118.361816
4502,North Hollywood Plaza,North Hollywood,Inactive,34.16552,-118.375153
4503,Stanford & Washington,Westside,Inactive,33.9897,-118.448883
4504,Vista Del Mar & Culver,Westside,Inactive,33.95879,-118.44828
4505,Glen Alla Park,Westside,Inactive,33.984852,-118.431641
4508,Ciclavia South Central Hub,DTLA,Inactive,34.017941,-118.255417
4509,Western & Hollywood,DTLA,Active,34.101639,-118.309174
4510,Mohawk Bend,DTLA,Active,34.077351,-118.264549
4511,Union Station East Portal,DTLA,Active,34.056278,-118.231773
4512,Figueroa & 11th,DTLA,Active,34.043812,-118.264969
4513,Edgemont & Melrose,DTLA,Inactive,34.08371,-118.296021
4515,Mississippi & Sawtelle,Westside,Inactive,34.039742,-118.442268
4516,7th & Hill,DTLA,Inactive,34.045849,-118.254402
4517,Highland & Hollywood,DTLA,Active,34.101959,-118.338852
4518,Normandie & 8th,DTLA,Active,34.057968,-118.299751
4521,Inglewood & Ballona,Westside,Active,33.990318,-118.412048
4523,Western & 3rd,DTLA,Active,34.068748,-118.30928
4524,Wilshire & Normandie,DTLA,Active,34.06163,-118.301193
4525,Hawthorn & Orange,DTLA,Active,34.10038,-118.341797
4526,Franklin & Fuller,DTLA,Active,34.103378,-118.34919
4527,McCadden & Hollywood,DTLA,Active,34.102001,-118.33741
4528,Glendon & Kinross,DTLA,Active,34.06097,-118.444366
4529,Whitley & Hollywood,DTLA,Active,34.10186,-118.33329
4534,Ivar & Hollywood,DTLA,Active,34.10186,-118.32811
4536,Venice & Abbot Kinney,Westside,Active,33.989079,-118.462257
4537,Highland & Sunset,DTLA,Active,34.098228,-118.338821
4538,5th & Western,DTLA,Active,34.06543,-118.308823
4539,Cherokee & Hollywood,DTLA,Inactive,34.101761,-118.33474
4540,1st & Utah,DTLA,Active,34.04776,-118.22541
4541,Glen Alla Park,Westside,Inactive,33.984852,-118.431641
4542,Concert Park,Westside,Inactive,33.97298,-118.423943
4543,Toes Beach at Culver Blvd,Westside,Active,33.95718,-118.451248
4544,Dockweiler Beach at Imperial Hwy,Westside,Active,33.928459,-118.435204
4545,Vista Del Mar & Culver,Westside,Active,33.95879,-118.44828
4546,Expo/Bundy E Line Station,Westside,Active,34.031399,-118.453629
4547,Stanford & Washington,Westside,Active,33.9897,-118.448883
4548,Durango & Venice,Westside,Active,34.026829,-118.393517
4549,Barrington & National,Westside,Active,34.022449,-118.438332
4552,Culver & Centinela,Westside,Active,33.990971,-118.421303
4553,Venice & Beethoven,Westside,Active,33.99958,-118.44136
4554,Venice & Colonial,Westside,Active,34.00351,-118.43438
4555,Venice & Inglewood,Westside,Active,34.005871,-118.429161
4556,McLaughlin & Venice,Westside,Active,34.009022,-118.425011
4557,Venice & Sawtelle,Westside,Active,34.011799,-118.419441
4558,Bagley & Venice,Westside,Active,34.025688,-118.395302
4559,Palms & Kelton,Westside,Inactive,34.022282,-118.415833
4560,Sepulveda & Charnock,Westside,Inactive,34.017368,-118.420601
4561,Sepulveda & Palms,Westside,Active,34.020061,-118.422684
4562,Sepulveda & National,Westside,Active,34.02697,-118.428207
4563,Venice & Glendon,Westside,Active,34.017448,-118.409569
4564,Expo/Sepulveda E Line Station,Westside,Active,34.035351,-118.434143
4565,Alla & Maxella,Westside,Active,33.989948,-118.434669
4566,Venice & Hughes,Westside,Active,34.023392,-118.399223
4567,Venice & Motor,Westside,Active,34.02018,-118.40403
4568,Palms E Line Station,Westside,Active,34.029121,-118.403168
4569,Palms & Motor,Westside,Active,34.02655,-118.408463
4570,Sepulveda & Venice,Westside,Active,34.01376,-118.417801
4571,Rose & Overland,Westside,Active,34.027649,-118.413559
4572,National & Motor,Westside,Active,34.02948,-118.410469
4573,Westwood & National,Westside,Active,34.030472,-118.420982
4575,Lucerne & Sepulveda,Westside,Active,34.000309,-118.402527
4576,Motor & Regent,Westside,Active,34.022579,-118.40551
4577,Inglewood & Braddock,Westside,Active,33.993019,-118.414909
4578,Main & 8th,DTLA,Active,34.04298,-118.252953
4579,Alla & Glencoe,Westside,Active,33.984859,-118.431129
4580,Centinela & Lucile,Westside,Active,33.982922,-118.410927
4581,Playa Vista Library,Westside,Active,33.970242,-118.426071
4582,Westlawn & Beatrice,Westside,Inactive,33.980991,-118.414879
4583,McConnell & Runway,Westside,Active,33.976189,-118.418419
4584,Fountain & Vine,DTLA,Active,34.094349,-118.326363
4587,Wiltern,DTLA,Active,34.060791,-118.309067
4592,CicLAviaHeart of LA presented by Metro,DTLA,Inactive,34.048721,-118.260727
4593,CicLAvia South LA - Crenshaw Hub,DTLA,Inactive,34.020969,-118.335197
4594,CicLAvia South LA - Expo Park Hub,DTLA,Inactive,34.02589,-118.23822
4595,Chandler & Colfax,North Hollywood,Active,34.16835,-118.387497
4596,Chandler & Laurel Canyon,North Hollywood,Active,34.168331,-118.396156
4597,Magnolia & Clybourn,North Hollywood,Active,34.165218,-118.355148
4598,North Hollywood Plaza,North Hollywood,Active,34.16552,-118.375153
4599,Chandler & Cahuenga,North Hollywood,Active,34.168751,-118.36187
4600,Lankershim & Califa,North Hollywood,Active,34.17765,-118.382309
4601,Lankershim & Hesby,North Hollywood,Active,34.161709,-118.372818
4602,Magnolia & Cartwright,North Hollywood,Inactive,34.164951,-118.363632
4603,Riverside & Cahuenga,North Hollywood,Active,34.152142,-118.361954
4604,Lankershim & Vineland,North Hollywood,Active,34.158321,-118.370811
4605,Mariota & Riverside,North Hollywood,Active,34.152,-118.350601
4606,North Hollywood Station,North Hollywood,Active,34.168629,-118.377068
4613,Gateway Plaza,Westside,Active,34.069752,-118.445351
4614,Perloff Hall,Westside,Active,34.07365,-118.439842
4514,Purdue & Santa Monica,Westside,Active,34.046211,-118.451172
4623,CicLAvia South LA  Exposition Hub,DTLA,Inactive,34.017891,-118.308853
4624,CicLAvia South LA  Florence Hub,DTLA,Inactive,33.975029,-118.308937
4625,CicLAvia South LA  Exposition Hub,DTLA,Inactive,34.017891,-118.308853
4626,CicLAvia South LA  Florence Hub,DTLA,Inactive,33.975029,-118.308937
4627,Argyle & Hollywood,DTLA,Active,34.101849,-118.325142
4629,CicLavia West Hollywood Hub,DTLA,Inactive,34.08577,-118.382599
4631,CicLavia West Hollywood Hub,DTLA,Inactive,34.08577,-118.382607
4632,Maxella & Glencoe,Westside,Active,33.986671,-118.440948
4244,Expo Park/USC Station,DTLA,Inactive,34.018059,-118.286728
4628,7th & Westmoreland,DTLA,Active,34.05978,-118.288544
4633,CicLAvia - Echo Park Hub,DTLA,Inactive,34.069981,-118.260094
4634,CicLAvia - Mariachi Plaza Hub,DTLA,Inactive,34.047119,-118.21891
4638,CicLAvia South LA - Historic South-Central Hub,DTLA,Inactive,34.00465,-118.255928
4635,CicLAvia - Echo Park Hub,DTLA,Inactive,34.025791,-118.238068
4636,CicLAvia - Mariachi Plaza Hub,DTLA,Inactive,34.025742,-118.238068
4639,CicLAvia South LA - Watts Hub,DTLA,Inactive,33.943359,-118.248238
4643,Drake Stadium,Westside,Active,34.07262,-118.44944
4644,Weyburn Terrace,Westside,Active,34.061859,-118.45002
4645,University Village (Sawtelle Blvd),Westside,Active,34.023411,-118.429008
4646,CicLavia Mid City Hub,DTLA,Inactive,34.040161,-118.345009
4647,CicLavia Pico Union Hub,DTLA,Inactive,34.04377,-118.285721
4648,CicLAvia Mid City Hub,DTLA,Inactive,34.040619,-118.344971
4649,CicLavia Pico Union Hub,DTLA,Inactive,34.044071,118.285698
4650,CicLAmini Watts,DTLA,Inactive,33.943508,-118.26268
4651,CicLAmini Watts,DTLA,Inactive,33.943508,-118.26268
4652,Arizona Ave & 16th St,Westside,Active,34.02705,-118.485184
4654,Culver City Pride Ride,Westside,Inactive,34.027988,-118.377937
4655,CicLAvia South LA - Westmont Hub,DTLA,Inactive,33.958462,-118.292
4656,CicLAvia South LA - Westmont Hub,DTLA,Inactive,33.958462,-118.292
4660,Venice & Walgrove,Westside,Active,33.997238,-118.446732
4661,CicLAvia South LA - Historic South Central,DTLA,Inactive,34.023399,-118.251671
4662,CicLAvia South LA - Leimert Park,DTLA,Inactive,34.003841,-118.331871
4663,CicLAvia South LA - Historic South Central,DTLA,Inactive,34.023399,-118.251671
4664,Koreatown Plaza,DTLA,Active,34.055161,-118.30899
4665,Gateway Plaza,Westside,Active,34.069752,-118.445351
4667,Ciclavia Melrose - Fairfax Hub,Westside,Inactive,34.083939,-118.361031
4668,Ciclavia Melrose - Fairfax Hub,Westside,Inactive,34.083939,-118.361031
4669,Broadway & 7th,DTLA,Inactive,34.04501,-118.253693
4670,CicLAvia Venice - National,Westside,Inactive,34.02874,-118.388931
4671,CicLAvia Venice - National,Westside,Inactive,34.028702,-118.388962
4672,7th & Broadway,DTLA,Active,34.045021,-118.253189
4675,CicLAvia South LA - Century Hub,DTLA,Inactive,33.945961,-118.308952
4676,CicLAvia South LA  Century Hub,DTLA,Inactive,33.945961,-118.308952
4678,CicLAvia South LA - Exposition Hub,DTLA,Inactive,34.017971,-118.308853
4680,Broadway & 8th,DTLA,Active,34.043522,-118.255089
4682,CicLAvia Meet the Hollywood's - West Hollywood Hub,Unknown,Active,34.08564,-118.38279
4684,CicLAmini Lincoln Heights Ave 18 Hub,DTLA,Inactive,34.071991,-118.222031
4686,Chinatown Hub - cicLAvia Heart of LA 2024,DTLA,Inactive,34.064991,-118.236809
4687,Evergreen Hub - cicLAvia Heart of LA 2024,DTLA,Inactive,34.043671,-118.200844
4689,University Village (Sepulveda Blvd),Westside,Active,34.023849,-118.426071
4690,Vineland & Burbank,North Hollywood,Active,34.172451,-118.370369
4691,CicLAvia West Adams Meets University Park - West Adams Hub,Westside,Inactive,34.02552,-118.353104
4692,CicLAvia West Adams Meets University Park - West Adams Hub,Westside,Inactive,34.025532,-118.353104
